<?xml version="1.0" encoding="UTF-8"?>
<beans xmlns="http://www.springframework.org/schema/beans" xmlns:xsi="http://www.w3.org/2001/XMLSchema-instance"
    xmlns:util="http://www.springframework.org/schema/util"
    xsi:schemaLocation="http://www.springframework.org/schema/beans http://www.springframework.org/schema/beans/spring-beans.xsd http://www.springframework.org/schema/util http://www.springframework.org/schema/util/spring-util.xsd"
    default-lazy-init="true">

    <bean class="org.dspace.external.service.impl.ExternalDataServiceImpl"/>

    <bean class="org.dspace.external.provider.impl.MockDataProvider" init-method="init">
        <property name="sourceIdentifier" value="mock"/>
    </bean>

    <!-- SHERPA data providers set up to use mock SHERPA service -->
    <bean class="org.dspace.external.provider.impl.SHERPAv2JournalISSNDataProvider" init-method="init">
        <property name="sourceIdentifier" value="sherpaJournalIssn"/>
        <property name="sherpaService">
            <bean class="org.dspace.app.sherpa.MockSHERPAService">
                <property name="maxNumberOfTries" value="3"/>
                <property name="sleepBetweenTimeouts" value="2000"/>
                <property name="timeout" value="5000"/>
            </bean>
        </property>
    </bean>
    <bean class="org.dspace.external.provider.impl.SHERPAv2JournalDataProvider" init-method="init">
        <property name="sourceIdentifier" value="sherpaJournal"/>
        <property name="sherpaService">
            <bean class="org.dspace.app.sherpa.MockSHERPAService">
                <property name="maxNumberOfTries" value="3"/>
                <property name="sleepBetweenTimeouts" value="2000"/>
                <property name="timeout" value="5000"/>
            </bean>
        </property>
    </bean>
    <bean class="org.dspace.external.provider.impl.SHERPAv2PublisherDataProvider" init-method="init">
        <property name="sourceIdentifier" value="sherpaPublisher"/>
        <property name="sherpaService">
            <bean class="org.dspace.app.sherpa.MockSHERPAService">
                <property name="maxNumberOfTries" value="3"/>
                <property name="sleepBetweenTimeouts" value="2000"/>
                <property name="timeout" value="5000"/>
            </bean>
        </property>
    </bean>
    <bean class="org.dspace.external.provider.impl.OrcidV3AuthorDataProvider" init-method="init">
        <property name="sourceIdentifier" value="orcid"/>
        <property name="orcidUrl" value="${orcid.url}" />
        <property name="clientId" value="${orcid.clientid}" />
        <property name="clientSecret" value="${orcid.clientsecret}" />
        <property name="OAUTHUrl" value="${orcid.oauth.url}" />
        <property name="orcidRestConnector" ref="orcidRestConnector"/>
    </bean>

    <bean id="orcidRestConnector" class="org.dspace.external.OrcidRestConnector">
        <constructor-arg value="${orcid.api.url}"/>
    </bean>

    <bean id="pubmedLiveImportDataProvider" class="org.dspace.external.provider.impl.LiveImportDataProvider">
        <property name="metadataSource" ref="mockPubmedImportService"/>
        <property name="sourceIdentifier" value="pubmed"/>
        <property name="recordIdMetadata" value="dc.identifier.other"/>
    </bean>

    <bean id="mockPubmedImportService"
          class="org.dspace.external.provider.impl.MockPubmedImportMetadataSourceServiceImpl">
        <property name="metadataFieldMapping" ref="pubmedMetadataFieldMapping"/>
        <property name="baseAddress" value="https://eutils.ncbi.nlm.nih.gov/entrez/eutils/"/>
        <property name="supportedExtensions">
            <list>
                 <value>xml</value>
            </list>
        </property>
    </bean>

</beans>


